--RECENSIONI
INSERT INTO RECENSIONE (COD_RECENSIONE, TITOLO, VOTO, USERNAME, NOME_GIOCO)
VALUES (100001, 'OTTIMO GIOCO!', 9, 'NINJAMASTER', 'THE WITCHER');

INSERT INTO RECENSIONE (COD_RECENSIONE, TITOLO, VOTO, USERNAME, NOME_GIOCO)
VALUES (100002, 'ESPERIENZA DI GIOCO INCREDIBILE', 10, 'PEWDIELEGEND', 'OVERWATCH');

INSERT INTO RECENSIONE (COD_RECENSIONE, TITOLO, VOTO, USERNAME, NOME_GIOCO)
VALUES (100003, 'DIVERTIMENTO SENZA FINE', 8, 'SHROUDGAMING', 'MINECRAFT');

INSERT INTO RECENSIONE (COD_RECENSIONE, TITOLO, VOTO, USERNAME, NOME_GIOCO)
VALUES (100004, 'CONSIGLIATO A TUTTI!', 9, 'HIDEONBUSH', 'IRON HARVEST');

INSERT INTO RECENSIONE (COD_RECENSIONE, TITOLO, VOTO, USERNAME, NOME_GIOCO)
VALUES (100005, 'STORIA COINVOLGENTE', 9, 'DRDISRESPECT', 'RED DEAD REDEMPTION');

INSERT INTO RECENSIONE (COD_RECENSIONE, TITOLO, VOTO, USERNAME, NOME_GIOCO)
VALUES (100006, 'GAMEPLAY FLUIDO', 8, 'DAIGOTHEBEAST', 'YAKUZA');

INSERT INTO RECENSIONE (COD_RECENSIONE, TITOLO, VOTO, USERNAME, NOME_GIOCO)
VALUES (100007, 'SONO VENUTO', 10, 'ACAMPORA', 'STARDEW VALLEY');

INSERT INTO RECENSIONE (COD_RECENSIONE, TITOLO, VOTO, USERNAME, NOME_GIOCO)
VALUES (100008, 'ESPERIENZA DELUDENTE', 4, 'SONICSPEEDRUN', 'ANTHEM');

INSERT INTO RECENSIONE (COD_RECENSIONE, TITOLO, VOTO, USERNAME, NOME_GIOCO)
VALUES (100009, 'GIOCO COINVOLGENTE', 9, 'DENDIMIDLANE', 'HORIZON ZERO DAWN');

INSERT INTO RECENSIONE (COD_RECENSIONE, TITOLO, VOTO, USERNAME, NOME_GIOCO)
VALUES (100010, 'DIVERTIMENTO GARANTITO', 8, 'YASSUOPLAYS', 'HOUSE FLIPPER');

INSERT INTO RECENSIONE (COD_RECENSIONE, TITOLO, VOTO, USERNAME, NOME_GIOCO)
VALUES (100011, 'BUON RAPPORTO QUALITÀ-PREZZO', 7, 'OCELOTEGAMER', 'BORDERLANDS');

INSERT INTO RECENSIONE (COD_RECENSIONE, TITOLO, VOTO, USERNAME, NOME_GIOCO)
VALUES (100012, 'ESPERIENZA INDIMENTICABILE', 10, 'ZAISUPPORT', 'THE LEGEND OF ZELDA');

INSERT INTO RECENSIONE (COD_RECENSIONE, TITOLO, VOTO, USERNAME, NOME_GIOCO)
VALUES (100013, 'AVVENTURA EPICA', 9, 'PUPPEYCAPTAIN', 'UNCHARTED');

INSERT INTO RECENSIONE (COD_RECENSIONE, TITOLO, VOTO, USERNAME, NOME_GIOCO)
VALUES (100014, 'SPARATUTTO FRENETICO', 8, 'SCARRAPLAYS', 'CALL OF DUTY');

INSERT INTO RECENSIONE (COD_RECENSIONE, TITOLO, VOTO, USERNAME, NOME_GIOCO)
VALUES (100015, 'ESPERIENZA IMMERSIVA', 9, 'SODAPOPPINSTREAM', 'BIOSHOCK');

--DLC
INSERT INTO DLC (NOME_DLC, DATA_RILASCIO_DLC, PREZZO_DLC, NOME_GIOCO)
VALUES ('VIAGGIO SULLA DOMIZIANA', TO_DATE('10/04/2022','DD/MM/YY'), 10, 'THE WITCHER');

INSERT INTO DLC (NOME_DLC, DATA_RILASCIO_DLC, PREZZO_DLC, NOME_GIOCO)
VALUES ('IL RITORNO DEL RE', TO_DATE('11/04/2022','DD/MM/YY'), 20, 'THE WITCHER');

INSERT INTO DLC (NOME_DLC, DATA_RILASCIO_DLC, PREZZO_DLC, NOME_GIOCO)
VALUES ('TEMPESTA DI GHIACCIO', TO_DATE('11/08/2020','DD/MM/YY'), 15, 'MINECRAFT');

INSERT INTO DLC (NOME_DLC, DATA_RILASCIO_DLC, PREZZO_DLC, NOME_GIOCO)
VALUES ('LUI È TORNATO', TO_DATE('01/02/2022','DD/MM/YY'), 5, 'IRON HARVEST');

INSERT INTO DLC (NOME_DLC, DATA_RILASCIO_DLC, PREZZO_DLC, NOME_GIOCO)
VALUES ('SPIRIT CAVALLO SELVAGGIO', TO_DATE('07/07/2022','DD/MM/YY'), 3, 'RED DEAD REDEMPTION');

INSERT INTO DLC (NOME_DLC, DATA_RILASCIO_DLC, PREZZO_DLC, NOME_GIOCO)
VALUES ('IL MOSTRO DI PONTICELLI', TO_DATE('04/06/2022','DD/MM/YY'), 30, 'YAKUZA');

INSERT INTO DLC (NOME_DLC, DATA_RILASCIO_DLC, PREZZO_DLC, NOME_GIOCO)
VALUES ('LA FATTORIA DI SIMON', TO_DATE('10/03/2022','DD/MM/YY'), 10, 'STARDEW VALLEY');

INSERT INTO DLC (NOME_DLC, DATA_RILASCIO_DLC, PREZZO_DLC, NOME_GIOCO)
VALUES ('ANTHEM OF CREATION', TO_DATE('14/12/2021','DD/MM/YY'), 15, 'ANTHEM');

INSERT INTO DLC (NOME_DLC, DATA_RILASCIO_DLC, PREZZO_DLC, NOME_GIOCO)
VALUES ('LA VENDETTA DI SKYNET', TO_DATE('12/12/2021','DD/MM/YY'), 10, 'HORIZON ZERO DAWN');

INSERT INTO DLC (NOME_DLC, DATA_RILASCIO_DLC, PREZZO_DLC, NOME_GIOCO)
VALUES ('GALE IS NOT WALTER WHITE', TO_DATE('31/12/2021','DD/MM/YY'), 5, 'HOUSE FLIPPER');

INSERT INTO DLC (NOME_DLC, DATA_RILASCIO_DLC, PREZZO_DLC, NOME_GIOCO)
VALUES ('UN MINUTO A MEZZANOTTE', TO_DATE('10/07/2022','DD/MM/YY'), 20, 'BORDERLANDS');

INSERT INTO DLC (NOME_DLC, DATA_RILASCIO_DLC, PREZZO_DLC, NOME_GIOCO)
VALUES ('IL RITORNO DI ROBIN', TO_DATE('24/12/2021','DD/MM/YY'), 15, 'THE LEGEND OF ZELDA');

INSERT INTO DLC (NOME_DLC, DATA_RILASCIO_DLC, PREZZO_DLC, NOME_GIOCO)
VALUES ('SI SALVI CHI PUO', TO_DATE('22/01/2022','DD/MM/YY'), 10, 'UNCHARTED');

INSERT INTO DLC (NOME_DLC, DATA_RILASCIO_DLC, PREZZO_DLC, NOME_GIOCO)
VALUES ('OSAMA SEI TU', TO_DATE('20/02/2020','DD/MM/YY'), 12, 'CALL OF DUTY');

INSERT INTO DLC (NOME_DLC, DATA_RILASCIO_DLC, PREZZO_DLC, NOME_GIOCO)
VALUES ('IL MOSTRO CTHULHU', TO_DATE('18/12/2021','DD/MM/YY'), 10, 'BIOSHOCK');

--KEY_GIOCO
INSERT INTO KEY_GIOCO (CODICE_GIOCO, DATA_SCADENZA, USERNAME, NOME_GIOCO)
VALUES (200001, TO_DATE('31-07-2023','DD/MM/YY'), 'NINJAMASTER', 'THE WITCHER');

INSERT INTO KEY_GIOCO (CODICE_GIOCO, DATA_SCADENZA, USERNAME, NOME_GIOCO)
VALUES (200002, TO_DATE('30-06-2023','DD/MM/YY'), 'PEWDIELEGEND', 'OVERWATCH');

INSERT INTO KEY_GIOCO (CODICE_GIOCO, DATA_SCADENZA, USERNAME, NOME_GIOCO)
VALUES (200003, TO_DATE('15-08-2023','DD/MM/YY'), 'SHROUDGAMING', 'MINECRAFT');

INSERT INTO KEY_GIOCO (CODICE_GIOCO, DATA_SCADENZA, USERNAME, NOME_GIOCO)
VALUES (200004, TO_DATE('30-09-2023','DD/MM/YY'), 'HIDEONBUSH', 'IRON HARVEST');

INSERT INTO KEY_GIOCO (CODICE_GIOCO, DATA_SCADENZA, USERNAME, NOME_GIOCO)
VALUES (200005, TO_DATE('31-12-2023','DD/MM/YY'), 'DRDISRESPECT', 'RED DEAD REDEMPTION');

INSERT INTO KEY_GIOCO (CODICE_GIOCO, DATA_SCADENZA, USERNAME, NOME_GIOCO)
VALUES (200006, TO_DATE('31-07-2023','DD/MM/YY'), 'DAIGOTHEBEAST', 'YAKUZA');

INSERT INTO KEY_GIOCO (CODICE_GIOCO, DATA_SCADENZA, USERNAME, NOME_GIOCO)
VALUES (200007, TO_DATE('30-09-2023','DD/MM/YY'), 'ACAMPORA', 'STARDEW VALLEY');

INSERT INTO KEY_GIOCO (CODICE_GIOCO, DATA_SCADENZA, USERNAME, NOME_GIOCO)
VALUES (200008, TO_DATE('15-08-2023','DD/MM/YY'), 'SONICSPEEDRUN', 'ANTHEM');

INSERT INTO KEY_GIOCO (CODICE_GIOCO, DATA_SCADENZA, USERNAME, NOME_GIOCO)
VALUES (200009, TO_DATE('31-12-2023','DD/MM/YY'), 'DENDIMIDLANE', 'HORIZON ZERO DAWN');

INSERT INTO KEY_GIOCO (CODICE_GIOCO, DATA_SCADENZA, USERNAME, NOME_GIOCO)
VALUES (200010, TO_DATE('31-07-2023','DD/MM/YY'), 'YASSUOPLAYS', 'HOUSE FLIPPER');

INSERT INTO KEY_GIOCO (CODICE_GIOCO, DATA_SCADENZA, USERNAME, NOME_GIOCO)
VALUES (200011, TO_DATE('30-06-2023','DD/MM/YY'), 'OCELOTEGAMER', 'BORDERLANDS');

INSERT INTO KEY_GIOCO (CODICE_GIOCO, DATA_SCADENZA, USERNAME, NOME_GIOCO)
VALUES (200012, TO_DATE('15-08-2023','DD/MM/YY'), 'ZAISUPPORT', 'THE LEGEND OF ZELDA');

INSERT INTO KEY_GIOCO (CODICE_GIOCO, DATA_SCADENZA, USERNAME, NOME_GIOCO)
VALUES (200013, TO_DATE('30-09-2017','DD/MM/YY'), 'PUPPEYCAPTAIN', 'UNCHARTED');

INSERT INTO KEY_GIOCO (CODICE_GIOCO, DATA_SCADENZA, USERNAME, NOME_GIOCO)
VALUES (200014, TO_DATE('31-03-2020','DD/MM/YY'), 'SCARRAPLAYS', 'CALL OF DUTY');

INSERT INTO KEY_GIOCO (CODICE_GIOCO, DATA_SCADENZA, USERNAME, NOME_GIOCO)
VALUES (200015, TO_DATE('31-07-2013','DD/MM/YY'), 'SODAPOPPINSTREAM', 'BIOSHOCK');

--PAGAMENTO
INSERT INTO PAGAMENTO (CODICE_RICEVUTA_PAGAMENTO, IMPORTO, DATA_PAGAMENTO, EMAIL_UTENTE, METODO_DI_PAGAMENTO) 
VALUES (367591029311, 60, TO_DATE('25/03/2022','DD/MM/YY') 'GENNAROSAVASTANO@GMAIL.COM', 'CARTA');

INSERT INTO PAGAMENTO (CODICE_RICEVUTA_PAGAMENTO, IMPORTO, DATA_PAGAMENTO, EMAIL_UTENTE, METODO_DI_PAGAMENTO) 
VALUES (103924059873, 50, TO_DATE('17/12/2019','DD/MM/YY') 'CIROIMMORTALE@GMAIL.COM', 'CARTA');

INSERT INTO PAGAMENTO (CODICE_RICEVUTA_PAGAMENTO, IMPORTO, DATA_PAGAMENTO, EMAIL_UTENTE, METODO_DI_PAGAMENTO) 
VALUES (203405938732, 50, TO_DATE('10/08/2019','DD/MM/YY') 'SICKONOSICKO@GMAIL.COM', 'CARTA');

INSERT INTO PAGAMENTO (CODICE_RICEVUTA_PAGAMENTO, IMPORTO, DATA_PAGAMENTO, EMAIL_UTENTE, METODO_DI_PAGAMENTO) 
VALUES (920394011926, 30, TO_DATE('01/05/2022','DD/MM/YY') 'TOTOREBECUNUS@GMAIL.COM', 'CARTA');

INSERT INTO PAGAMENTO (CODICE_RICEVUTA_PAGAMENTO, IMPORTO, DATA_PAGAMENTO, EMAIL_UTENTE, METODO_DI_PAGAMENTO)
VALUES (194767569875, 15, TO_DATE('08/03/2022','DD/MM/YY') 'SIMONEMONSTER@GMAIL.COM', 'PAYPAL');

INSERT INTO PAGAMENTO (CODICE_RICEVUTA_PAGAMENTO, IMPORTO, DATA_PAGAMENTO, EMAIL_UTENTE, METODO_DI_PAGAMENTO) 
VALUES (475829381009, 20, TO_DATE('20/03/2022','DD/MM/YY') 'FRANCESCOALTO@GMAIL.COM', 'CARTA');

INSERT INTO PAGAMENTO (CODICE_RICEVUTA_PAGAMENTO, IMPORTO, DATA_PAGAMENTO, EMAIL_UTENTE, METODO_DI_PAGAMENTO) 
VALUES (293856678120, 40, TO_DATE('11/12/2020','DD/MM/YY') 'GIGIDALESSIO@ALICE.COM', 'CARTA');

INSERT INTO PAGAMENTO (CODICE_RICEVUTA_PAGAMENTO, IMPORTO, DATA_PAGAMENTO, EMAIL_UTENTE, METODO_DI_PAGAMENTO) 
VALUES (234983849029, 60, TO_DATE('22/06/2022','DD/MM/YY') 'FORZANAPOLI@GMAIL.COM', 'CARTA');

INSERT INTO PAGAMENTO (CODICE_RICEVUTA_PAGAMENTO, IMPORTO, DATA_PAGAMENTO, EMAIL_UTENTE, METODO_DI_PAGAMENTO) 
VALUES (902394810265, 30, TO_DATE('05/02/2020','DD/MM/YY') 'FORZANAPOLI@GMAIL.COM', 'CARTA');

INSERT INTO PAGAMENTO (CODICE_RICEVUTA_PAGAMENTO, IMPORTO, DATA_PAGAMENTO, EMAIL_UTENTE, METODO_DI_PAGAMENTO) 
VALUES (830418449532, 50, TO_DATE('22/01/2021','DD/MM/YY') 'CICCIOCORNETTO@GMAIL.COM','CARTA');

INSERT INTO PAGAMENTO (CODICE_RICEVUTA_PAGAMENTO, IMPORTO, DATA_PAGAMENTO, EMAIL_UTENTE, METODO_DI_PAGAMENTO) 
VALUES (871170924423, 20, TO_DATE('30/06/2022','DD/MM/YY') 'PIZZAMANDOLINO@GMAIL.COM', 'PAYPAL');

INSERT INTO PAGAMENTO (CODICE_RICEVUTA_PAGAMENTO, IMPORTO, DATA_PAGAMENTO, EMAIL_UTENTE, METODO_DI_PAGAMENTO) 
VALUES (101857120512, 40, TO_DATE('06/01/2022','DD/MM/YY') 'ANNAREGIGI@GMAIL.COM', 'PAYPAL');

INSERT INTO PAGAMENTO (CODICE_RICEVUTA_PAGAMENTO, IMPORTO, DATA_PAGAMENTO, EMAIL_UTENTE, METODO_DI_PAGAMENTO) 
VALUES (745900238574, 10, TO_DATE('06/11/2021','DD/MM/YY') 'POPCORNEPATATIN@ALICE.COM', 'PAYPAL');

INSERT INTO PAGAMENTO (CODICE_RICEVUTA_PAGAMENTO, IMPORTO, DATA_PAGAMENTO, EMAIL_UTENTE, METODO_DI_PAGAMENTO) 
VALUES (321857120512, 60, TO_DATE('03/12/2019','DD/MM/YY') 'ASTORIJEMARIJ@GMAIL.COM', 'PAYPAL');

INSERT INTO PAGAMENTO (CODICE_RICE)VUTA_PAGAMENTO, IMPORTO, DATA_PAGAMENTO, EMAIL_UTENTE, METODO_DI_PAGAMENTO) 
VALUES (440981237589, 40, TO_DATE('02/12/2020','DD/MM/YY'), 'CARMINEBELLO@GMAIL.COM', 'PAYPAL');

--PAGAMENTI PER DLC
INSERT INTO PAGAMENTO (CODICE_RICEVUTA_PAGAMENTO, IMPORTO, DATA_PAGAMENTO, METODO_DI_PAGAMENTO,EMAIL_UTENTE) 
VALUES (543454564458, 10, TO_DATE('15/04/2021','DD/MM/YY'), 'CARTA', 'GENNAROSAVASTANO@GMAIL.COM');

INSERT INTO PAGAMENTO (CODICE_RICEVUTA_PAGAMENTO, IMPORTO, DATA_PAGAMENTO, METODO_DI_PAGAMENTO,EMAIL_UTENTE) 
VALUES (452454687876, 20, TO_DATE('12/08/2020','DD/MM/YY'), 'CARTA', 'CIROIMMORTALE@GMAIL.COM');

INSERT INTO PAGAMENTO (CODICE_RICEVUTA_PAGAMENTO, IMPORTO, DATA_PAGAMENTO, METODO_DI_PAGAMENTO,EMAIL_UTENTE) 
VALUES (768754746047, 15, TO_DATE('20/02/2022','DD/MM/YY'), 'CARTA', 'SICKONOSICKO@GMAIL.COM');

INSERT INTO PAGAMENTO (CODICE_RICEVUTA_PAGAMENTO, IMPORTO, DATA_PAGAMENTO, METODO_DI_PAGAMENTO,EMAIL_UTENTE)
VALUES (456789678786, 5, TO_DATE('01/08/2022','DD/MM/YY'), 'CARTA', 'TOTOREBECUNUS@GMAIL.COM');

INSERT INTO PAGAMENTO (CODICE_RICEVUTA_PAGAMENTO, IMPORTO, DATA_PAGAMENTO, METODO_DI_PAGAMENTO,EMAIL_UTENTE) 
VALUES (454067556545, 3, TO_DATE('15/06/2022','DD/MM/YY'), 'PAYPAL', 'SIMONEMONSTER@GMAIL.COM');

INSERT INTO PAGAMENTO (CODICE_RICEVUTA_PAGAMENTO, IMPORTO, DATA_PAGAMENTO, METODO_DI_PAGAMENTO,EMAIL_UTENTE) 
VALUES (456478876931, 30, TO_DATE('25/04/2022','DD/MM/YY'),'CARTA','FRANCESCOALTO@GMAIL.COM');

INSERT INTO PAGAMENTO (CODICE_RICEVUTA_PAGAMENTO, IMPORTO, DATA_PAGAMENTO, METODO_DI_PAGAMENTO,EMAIL_UTENTE) 
VALUES (450789945654, 10, TO_DATE('25/12/2022','DD/MM/YY'),'CARTA','GIGIDALESSIO@ALICE.COM');

INSERT INTO PAGAMENTO (CODICE_RICEVUTA_PAGAMENTO, IMPORTO, DATA_PAGAMENTO, METODO_DI_PAGAMENTO,EMAIL_UTENTE) 
VALUES (540654078641, 15,TO_DATE('20/12/2021','DD/MM/YY'),'CARTA','FORZANAPOLI@GMAIL.COM');

INSERT INTO PAGAMENTO (CODICE_RICEVUTA_PAGAMENTO, IMPORTO, DATA_PAGAMENTO, METODO_DI_PAGAMENTO,EMAIL_UTENTE) 
VALUES (065430454474, 10,TO_DATE('31/12/2021','DD/MM/YY'),'CARTA','FORZANAPOLI@GMAIL.COM');

INSERT INTO PAGAMENTO (CODICE_RICEVUTA_PAGAMENTO, IMPORTO, DATA_PAGAMENTO, METODO_DI_PAGAMENTO,EMAIL_UTENTE) 
VALUES (678687454087, 5,TO_DATE('25/04/2022','DD/MM/YY'),'CARTA','CICCIOCORNETTO@GMAIL.COM');

INSERT INTO PAGAMENTO (CODICE_RICEVUTA_PAGAMENTO, IMPORTO, DATA_PAGAMENTO, METODO_DI_PAGAMENTO,EMAIL_UTENTE) 
VALUES (789121044565, 20, TO_DATE('15/05/2023','DD/MM/YY'),'PAYPAL','UOMOPRINGLES@GMAIL.COM');

INSERT INTO PAGAMENTO (CODICE_RICEVUTA_PAGAMENTO, IMPORTO, DATA_PAGAMENTO, METODO_DI_PAGAMENTO,EMAIL_UTENTE) 
VALUES (645067896310, 15, TO_DATE('25/12/2021','DD/MM/YY'),'PAYPAL','ANNAREGIGI@GMAIL.COM');

INSERT INTO PAGAMENTO (CODICE_RICEVUTA_PAGAMENTO, IMPORTO, DATA_PAGAMENTO, METODO_DI_PAGAMENTO,EMAIL_UTENTE) 
VALUES (789415013104, 10, TO_DATE('28/01/2022','DD/MM/YY'),'PAYPAL','POPCORNEPATATIN@ALICE.COM');

INSERT INTO PAGAMENTO (CODICE_RICEVUTA_PAGAMENTO, IMPORTO, DATA_PAGAMENTO, METODO_DI_PAGAMENTO,EMAIL_UTENTE)
VALUES (789415646312, 12, TO_DATE('20/04/2020','DD/MM/YY'), 'PAYPAL','ASTORIJEMARIJ@GMAIL.COM');

INSERT INTO PAGAMENTO (CODICE_RICEVUTA_PAGAMENTO, IMPORTO, DATA_PAGAMENTO, METODO_DI_PAGAMENTO,EMAIL_UTENTE) 
VALUES (978450434110, 10, TO_DATE('18/12/2021','DD/MM/YY'), 'PAYPAL', 'CARMINEBELLO@GMAIL.COM');

--RISCATTA_GIOCO
INSERT INTO RISCATTA_GIOCO(NOME_GIOCO, COD_RICEVUTA_PAGAMENTO)
VALUES('THE WITCHER', 367591029311);

INSERT INTO RISCATTA_GIOCO(NOME_GIOCO, COD_RICEVUTA_PAGAMENTO)
VALUES('OVERWATCH', 103924059873);

INSERT INTO RISCATTA_GIOCO(NOME_GIOCO, COD_RICEVUTA_PAGAMENTO)
VALUES('MINECRAFT', 203405938732);

INSERT INTO RISCATTA_GIOCO(NOME_GIOCO, COD_RICEVUTA_PAGAMENTO)
VALUES('IRON HARVEST', 920394011926);

INSERT INTO RISCATTA_GIOCO(NOME_GIOCO, COD_RICEVUTA_PAGAMENTO)
VALUES('RED DEAD REDEMPTION', 194767569875);

INSERT INTO RISCATTA_GIOCO(NOME_GIOCO, COD_RICEVUTA_PAGAMENTO)
VALUES('ASSASSIN''S CREED', 475829381009);

INSERT INTO RISCATTA_GIOCO(NOME_GIOCO, COD_RICEVUTA_PAGAMENTO)
VALUES('STARDEW VALLEY', 293856678120);

INSERT INTO RISCATTA_GIOCO(NOME_GIOCO, COD_RICEVUTA_PAGAMENTO)
VALUES('ANTHEM', 234983849029);

INSERT INTO RISCATTA_GIOCO(NOME_GIOCO, COD_RICEVUTA_PAGAMENTO)
VALUES('HORIZON ZERO DAWN', 902394810265);

INSERT INTO RISCATTA_GIOCO(NOME_GIOCO, COD_RICEVUTA_PAGAMENTO)
VALUES('HOUSE FLIPPER', 830418449532);

INSERT INTO RISCATTA_GIOCO(NOME_GIOCO, COD_RICEVUTA_PAGAMENTO)
VALUES('BORDERLANDS', 871170924423);

INSERT INTO RISCATTA_GIOCO(NOME_GIOCO, COD_RICEVUTA_PAGAMENTO)
VALUES('THE LEGEND OF ZELDA', 101857120512);

INSERT INTO RISCATTA_GIOCO(NOME_GIOCO, COD_RICEVUTA_PAGAMENTO)
VALUES('UNCHARTED', 745900238574);

INSERT INTO RISCATTA_GIOCO(NOME_GIOCO, COD_RICEVUTA_PAGAMENTO)
VALUES('CALL OF DUTY', 321857120512);

INSERT INTO RISCATTA_GIOCO(NOME_GIOCO, COD_RICEVUTA_PAGAMENTO)
VALUES('BIOSHOCK', 440981237589);

--RISCATTA_DLC
INSERT INTO RISCATTA_DLC(NOME_DLC, COD_RICEVUTA_PAGAMENTO)
VALUES ('VIAGGIO SULLA DOMIZIANA', 543454564458);

INSERT INTO RISCATTA_DLC(NOME_DLC, COD_RICEVUTA_PAGAMENTO)
VALUES ('IL RITORNO DEL RE', 452454687876);

INSERT INTO RISCATTA_DLC(NOME_DLC, COD_RICEVUTA_PAGAMENTO)
VALUES ('TEMPESTA DI GHIACCIO', 768754746047);

INSERT INTO RISCATTA_DLC(NOME_DLC, COD_RICEVUTA_PAGAMENTO)
VALUES ('LUI È TORNATO', 456789678786);

INSERT INTO RISCATTA_DLC(NOME_DLC, COD_RICEVUTA_PAGAMENTO)
VALUES ('SPIRIT CAVALLO SELVAGGIO', 454067556545);

INSERT INTO RISCATTA_DLC(NOME_DLC, COD_RICEVUTA_PAGAMENTO)
VALUES ('IL MOSTRO DI PONTICELLI', 456478876931);

INSERT INTO RISCATTA_DLC(NOME_DLC, COD_RICEVUTA_PAGAMENTO)
VALUES ('LA FATTORIA DI SIMON', 450789945654);

INSERT INTO RISCATTA_DLC(NOME_DLC, COD_RICEVUTA_PAGAMENTO)
VALUES ('ANTHEM OF CREATION', 540654078641);

INSERT INTO RISCATTA_DLC(NOME_DLC, COD_RICEVUTA_PAGAMENTO)
VALUES ('LA VENDETTA DI SKYNET', 065430454474);

INSERT INTO RISCATTA_DLC(NOME_DLC, COD_RICEVUTA_PAGAMENTO)
VALUES ('GALE IS NOT WALTER WHITE', 678687454087);

INSERT INTO RISCATTA_DLC(NOME_DLC, COD_RICEVUTA_PAGAMENTO)
VALUES ('UN MINUTO A MEZZANOTTE', 789121044565);

INSERT INTO RISCATTA_DLC(NOME_DLC, COD_RICEVUTA_PAGAMENTO)
VALUES ('IL RITORNO DI ROBIN', 645067896310);

INSERT INTO RISCATTA_DLC(NOME_DLC, COD_RICEVUTA_PAGAMENTO)
VALUES ('SI SALVI CHI PUO', 789415013104);

INSERT INTO RISCATTA_DLC(NOME_DLC, COD_RICEVUTA_PAGAMENTO)
VALUES ('OSAMA SEI TU', 789415646312);

INSERT INTO RISCATTA_DLC(NOME_DLC, COD_RICEVUTA_PAGAMENTO)
VALUES ('IL MOSTRO CTHULHU', 978450434110);